Pozycja,Wykonawca,Piosenka,Nr_notowania
1,Daria Zawiałow,JESZCZE W ZIELONE GRAMY,1875
2,Jaromir Nohavica,CZARNA DZIURA,1875
3,Led Zeppelin,IMMIGRANT SONG,1875
4,Cigarettes After Sex,SWEET,1875
5,Deep Purple,THE SURPRISING,1875
6,Mikromusic,TAK MI SIĘ NIE CHCE,1875
7,Jaromir Nohavica,EMPIRE STATE,1875
8,Greta Van Fleet,HIGHWAY TUNE,1875
9,Kazik & Kwartet ProForma,MOST,1875
10,Artur Rojek,DŁUGOŚĆ DŹWIĘKU SAMOTNOŚCI (live in NOSPR),1875
1,Daria Zawiałow,JESZCZE W ZIELONE GRAMY,1876
2,Greta Van Fleet,HIGHWAY TUNE,1876
3,Led Zeppelin,IMMIGRANT SONG,1876
4,Jaromir Nohavica,CZARNA DZIURA,1876
5,Cigarettes After Sex,SWEET,1876
6,Deep Purple,THE SURPRISING,1876
7,Mikromusic,TAK MI SIĘ NIE CHCE,1876
8,Krzysztof Zalewski,PRZYJDŹ W TAKĄ NOC,1876
9,Jaromir Nohavica,EMPIRE STATE,1876
10,Artur Rojek,DŁUGOŚĆ DŹWIĘKU SAMOTNOŚCI (live in NOSPR),1876
1,Greta Van Fleet,HIGHWAY TUNE,1877
2,Led Zeppelin,IMMIGRANT SONG,1877
3,Daria Zawiałow,JESZCZE W ZIELONE GRAMY,1877
4,The Cranberries,THE GLORY,1877
5,Jaromir Nohavica,CZARNA DZIURA,1877
6,Cigarettes After Sex,SWEET,1877
7,Krzysztof Zalewski,PRZYJDŹ W TAKĄ NOC,1877
8,Deep Purple,THE SURPRISING,1877
9,Mikromusic,TAK MI SIĘ NIE CHCE,1877
10,Lao Che,NIE RAJ,1877
1,Lao Che,NIE RAJ,1878
2,The Cranberries,THE GLORY,1878
3,Daria Zawiałow,JESZCZE W ZIELONE GRAMY,1878
4,Led Zeppelin,IMMIGRANT SONG,1878
5,Greta Van Fleet,HIGHWAY TUNE,1878
6,Jaromir Nohavica,CZARNA DZIURA,1878
7,Krzysztof Zalewski,PRZYJDŹ W TAKĄ NOC,1878
8,Deep Purple,THE SURPRISING,1878
9,Cigarettes After Sex,SWEET,1878
10,Mikromusic,TAK MI SIĘ NIE CHCE,1878
1,Daria Zawiałow,JESZCZE W ZIELONE GRAMY,1879
2,Lao Che,NIE RAJ,1879
3,The Cranberries,THE GLORY,1879
4,Krzysztof Zalewski,PRZYJDŹ W TAKĄ NOC,1879
5,Greta Van Fleet,HIGHWAY TUNE,1879
6,Jaromir Nohavica,CZARNA DZIURA,1879
7,Led Zeppelin,IMMIGRANT SONG,1879
8,Greta Van Fleet,EDGE OF DARKNESS,1879
9,Deep Purple,THE SURPRISING,1879
10,Cigarettes After Sex,SWEET,1879
1,Daria Zawiałow,JESZCZE W ZIELONE GRAMY,1880
2,Lao Che,NIE RAJ,1880
3,Greta Van Fleet,HIGHWAY TUNE,1880
4,The Cranberries,THE GLORY,1880
5,Krzysztof Zalewski,PRZYJDŹ W TAKĄ NOC,1880
6,Led Zeppelin,IMMIGRANT SONG,1880
7,Jaromir Nohavica,CZARNA DZIURA,1880
8,Greta Van Fleet,EDGE OF DARKNESS,1880
9,Deep Purple,THE SURPRISING,1880
10,Barbara Wrońska,NIE CZEKAJ,1880
1,Lao Che,NIE RAJ,1881
2,Daria Zawiałow,JESZCZE W ZIELONE GRAMY,1881
3,Greta Van Fleet,HIGHWAY TUNE,1881
4,Krzysztof Zalewski,PRZYJDŹ W TAKĄ NOC,1881
5,The Cranberries,THE GLORY,1881
6,Led Zeppelin,IMMIGRANT SONG,1881
7,Greta Van Fleet,EDGE OF DARKNESS,1881
8,Jaromir Nohavica,CZARNA DZIURA,1881
9,Barbara Wrońska,NIE CZEKAJ,1881
10,Deep Purple,THE SURPRISING,1881
1,Lao Che,NIE RAJ,1882
2,Krzysztof Zalewski,PRZYJDŹ W TAKĄ NOC,1882
3,Daria Zawiałow,JESZCZE W ZIELONE GRAMY,1882
4,Greta Van Fleet,HIGHWAY TUNE,1882
5,The Cranberries,THE GLORY,1882
6,Led Zeppelin,IMMIGRANT SONG,1882
7,Jaromir Nohavica,CZARNA DZIURA,1882
8,Barbara Wrońska,NIE CZEKAJ,1882
9,Greta Van Fleet,EDGE OF DARKNESS,1882
10,Deep Purple,THE SURPRISING,1882
1,Lao Che,NIE RAJ,1883
2,Daria Zawiałow,JESZCZE W ZIELONE GRAMY,1883
3,Krzysztof Zalewski,PRZYJDŹ W TAKĄ NOC,1883
4,Jaromir Nohavica,CZARNA DZIURA,1883
5,Greta Van Fleet,HIGHWAY TUNE,1883
6,The Cranberries,THE GLORY,1883
7,Led Zeppelin,IMMIGRANT SONG,1883
8,Barbara Wrońska,NIE CZEKAJ,1883
9,Greta Van Fleet,EDGE OF DARKNESS,1883
10,Deep Purple,THE SURPRISING,1883
1,Lao Che,NIE RAJ,1884
2,Krzysztof Zalewski,PRZYJDŹ W TAKĄ NOC,1884
3,Led Zeppelin,IMMIGRANT SONG,1884
4,Daria Zawiałow,JESZCZE W ZIELONE GRAMY,1884
5,Jaromir Nohavica,CZARNA DZIURA,1884
6,Greta Van Fleet,HIGHWAY TUNE,1884
7,Deep Purple,THE SURPRISING,1884
8,The Cranberries,THE GLORY,1884
9,Barbara Wrońska,NIE CZEKAJ,1884
10,Kazik & Kwartet ProForma,GDYBYM MIAŁ KOGOŚ,1884
1,Lao Che,NIE RAJ,1885
2,Daria Zawiałow,JESZCZE W ZIELONE GRAMY,1885
3,Krzysztof Zalewski,PRZYJDŹ W TAKĄ NOC,1885
4,Led Zeppelin,IMMIGRANT SONG,1885
5,Kazik & Kwartet ProForma,GDYBYM MIAŁ KOGOŚ,1885
6,Jaromir Nohavica,CZARNA DZIURA,1885
7,Greta Van Fleet,HIGHWAY TUNE,1885
8,Deep Purple,THE SURPRISING,1885
9,The Cranberries,THE GLORY,1885
10,Barbara Wrońska,NIE CZEKAJ,1885
1,Lao Che,NIE RAJ,1886
2,Kazik & Kwartet ProForma,GDYBYM MIAŁ KOGOŚ,1886
3,Krzysztof Zalewski,PRZYJDŹ W TAKĄ NOC,1886
4,Daria Zawiałow,JESZCZE W ZIELONE GRAMY,1886
5,Led Zeppelin,IMMIGRANT SONG,1886
6,The Cranberries,THE GLORY,1886
7,Jaromir Nohavica,CZARNA DZIURA,1886
8,Greta Van Fleet,HIGHWAY TUNE,1886
9,Jazz Band Młynarski - Masecki,ABDUŁ BEY,1886
10,Barbara Wrońska,NIE CZEKAJ,1886
1,Kazik & Kwartet ProForma,GDYBYM MIAŁ KOGOŚ,1887
2,Lao Che,NIE RAJ,1887
3,Daria Zawiałow,JESZCZE W ZIELONE GRAMY,1887
4,Krzysztof Zalewski,PRZYJDŹ W TAKĄ NOC,1887
5,Led Zeppelin,IMMIGRANT SONG,1887
6,The Cranberries,THE GLORY,1887
7,a-ha,TAKE ON ME (MTV UNPLUGGED),1887
8,Jaromir Nohavica,CZARNA DZIURA,1887
9,Greta Van Fleet,HIGHWAY TUNE,1887
10,Metallica,SPIT OUT THE BONE,1887
1,Lao Che,NIE RAJ,1888
2,Kazik & Kwartet ProForma,GDYBYM MIAŁ KOGOŚ,1888
3,Krzysztof Zalewski,PRZYJDŹ W TAKĄ NOC,1888
4,Daria Zawiałow,JESZCZE W ZIELONE GRAMY,1888
5,Artur Andrus,OD JOKOHAMY DO FUJISAWY,1888
6,Led Zeppelin,IMMIGRANT SONG,1888
7,The Cranberries,THE GLORY,1888
8,Jaromir Nohavica,CZARNA DZIURA,1888
9,Kortez,"DOBRZE, ŻE CIĘ MAM",1888
10,Strachy na Lachy & Itsmisslilly,OBŁĄKANY OBŁOK,1888
1,Lao Che,NIE RAJ,1889
2,Artur Andrus,OD JOKOHAMY DO FUJISAWY,1889
3,Kazik & Kwartet ProForma,GDYBYM MIAŁ KOGOŚ,1889
4,Lao Che,KAPITAN POLSKA,1889
5,Daria Zawiałow,JESZCZE W ZIELONE GRAMY,1889
6,Krzysztof Zalewski,PRZYJDŹ W TAKĄ NOC,1889
7,The Cranberries,THE GLORY,1889
8,Led Zeppelin,IMMIGRANT SONG,1889
9,Strachy na Lachy & Itsmisslilly,OBŁĄKANY OBŁOK,1889
10,Jaromir Nohavica,CZARNA DZIURA,1889
1,Artur Andrus,OD JOKOHAMY DO FUJISAWY,1890
2,Lao Che,KAPITAN POLSKA,1890
3,Lao Che,NIE RAJ,1890
4,Kazik & Kwartet ProForma,GDYBYM MIAŁ KOGOŚ,1890
5,Daria Zawiałow,JESZCZE W ZIELONE GRAMY,1890
6,Krzysztof Zalewski,PRZYJDŹ W TAKĄ NOC,1890
7,Strachy na Lachy & Itsmisslilly,OBŁĄKANY OBŁOK,1890
8,The Cranberries,THE GLORY,1890
9,Led Zeppelin,IMMIGRANT SONG,1890
10,Jaromir Nohavica,PORUBA,1890
1,Artur Andrus,OD JOKOHAMY DO FUJISAWY,1891
2,Lao Che,NIE RAJ,1891
3,Lao Che,KAPITAN POLSKA,1891
4,Daria Zawiałow,JESZCZE W ZIELONE GRAMY,1891
5,Kazik & Kwartet ProForma,GDYBYM MIAŁ KOGOŚ,1891
6,Jaromir Nohavica,PORUBA,1891
7,Krzysztof Zalewski,PRZYJDŹ W TAKĄ NOC,1891
8,The Cranberries,THE GLORY,1891
9,Strachy na Lachy & Itsmisslilly,OBŁĄKANY OBŁOK,1891
10,Led Zeppelin,IMMIGRANT SONG,1891
1,Lao Che,KAPITAN POLSKA,1892
2,Lao Che,NIE RAJ,1892
3,Artur Andrus,OD JOKOHAMY DO FUJISAWY,1892
4,Kazik & Kwartet ProForma,GDYBYM MIAŁ KOGOŚ,1892
5,Daria Zawiałow,JESZCZE W ZIELONE GRAMY,1892
6,Nosowska,JA PAS!,1892
7,Krzysztof Zalewski,PRZYJDŹ W TAKĄ NOC,1892
8,Jaromir Nohavica,PORUBA,1892
9,Strachy na Lachy & Itsmisslilly,OBŁĄKANY OBŁOK,1892
10,The Cranberries,THE GLORY,1892
1,Lao Che,KAPITAN POLSKA,1893
2,Artur Andrus,OD JOKOHAMY DO FUJISAWY,1893
3,Lao Che,NIE RAJ,1893
4,Nosowska,JA PAS!,1893
5,Kazik & Kwartet ProForma,GDYBYM MIAŁ KOGOŚ,1893
6,Daria Zawiałow,JESZCZE W ZIELONE GRAMY,1893
7,Krzysztof Zalewski,PRZYJDŹ W TAKĄ NOC,1893
8,Strachy na Lachy & Itsmisslilly,OBŁĄKANY OBŁOK,1893
9,Fisz Emade Tworzywo,KANTERSTRAJK,1893
10,Jaromir Nohavica,PORUBA,1893
1,Lao Che,KAPITAN POLSKA,1894
2,Nosowska,JA PAS!,1894
3,Artur Andrus,OD JOKOHAMY DO FUJISAWY,1894
4,Kazik & Kwartet ProForma,GDYBYM MIAŁ KOGOŚ,1894
5,Lao Che,NIE RAJ,1894
6,Strachy na Lachy & Itsmisslilly,OBŁĄKANY OBŁOK,1894
7,Fisz Emade Tworzywo,KANTERSTRAJK,1894
8,Daria Zawiałow,JESZCZE W ZIELONE GRAMY,1894
9,Krzysztof Zalewski,PRZYJDŹ W TAKĄ NOC,1894
10,Taconafide & Dawid Podsiadło,TAMAGOTCHI,1894
1,Lao Che,KAPITAN POLSKA,1895
2,Nosowska,JA PAS!,1895
3,Męskie Granie Orkiestra 2018,POCZĄTEK,1895
4,Artur Andrus,OD JOKOHAMY DO FUJISAWY,1895
5,Kazik & Kwartet ProForma,GDYBYM MIAŁ KOGOŚ,1895
6,Lao Che,NIE RAJ,1895
7,Taconafide & Dawid Podsiadło,TAMAGOTCHI,1895
8,Greta Van Fleet,SAFARI SONG,1895
9,Strachy na Lachy & Itsmisslilly,OBŁĄKANY OBŁOK,1895
10,Daria Zawiałow,JESZCZE W ZIELONE GRAMY,1895
1,Męskie Granie Orkiestra 2018,POCZĄTEK,1896
2,Lao Che,KAPITAN POLSKA,1896
3,Nosowska,JA PAS!,1896
4,Artur Andrus,OD JOKOHAMY DO FUJISAWY,1896
5,Taconafide & Dawid Podsiadło,TAMAGOTCHI,1896
6,Greta Van Fleet,SAFARI SONG,1896
7,Kazik & Kwartet ProForma,GDYBYM MIAŁ KOGOŚ,1896
8,Lao Che,NIE RAJ,1896
9,Kayah i Zbigniew Wodecki,CHWYTAJ DZIEŃ,1896
10,Strachy na Lachy & Itsmisslilly,OBŁĄKANY OBŁOK,1896
1,Męskie Granie Orkiestra 2018,POCZĄTEK,1897
2,Lao Che,KAPITAN POLSKA,1897
3,Dawid Podsiadło,MAŁOMIASTECZKOWY,1897
4,Nosowska,JA PAS!,1897
5,Greta Van Fleet,SAFARI SONG,1897
6,Artur Andrus,OD JOKOHAMY DO FUJISAWY,1897
7,Kayah i Zbigniew Wodecki,CHWYTAJ DZIEŃ,1897
8,Taconafide & Dawid Podsiadło,TAMAGOTCHI,1897
9,Lao Che,NIE RAJ,1897
10,Kazik & Kwartet ProForma,GDYBYM MIAŁ KOGOŚ,1897
1,Męskie Granie Orkiestra 2018,POCZĄTEK,1898
2,Dawid Podsiadło,MAŁOMIASTECZKOWY,1898
3,Lao Che,KAPITAN POLSKA,1898
4,Greta Van Fleet,SAFARI SONG,1898
5,Kazik & Kwartet ProForma,GDYBYM MIAŁ KOGOŚ,1898
6,Taconafide & Dawid Podsiadło,TAMAGOTCHI,1898
7,Kayah i Zbigniew Wodecki,CHWYTAJ DZIEŃ,1898
8,Nosowska,JA PAS!,1898
9,Artur Andrus,OD JOKOHAMY DO FUJISAWY,1898
10,Lao Che,NIE RAJ,1898
1,Męskie Granie Orkiestra 2018,POCZĄTEK,1899
2,Dawid Podsiadło,MAŁOMIASTECZKOWY,1899
3,Lao Che,KAPITAN POLSKA,1899
4,Taconafide & Dawid Podsiadło,TAMAGOTCHI,1899
5,Kayah i Zbigniew Wodecki,CHWYTAJ DZIEŃ,1899
6,Greta Van Fleet,SAFARI SONG,1899
7,Kazik + Zdunek Ensemble,WOJNY,1899
8,Kazik & Kwartet ProForma,GDYBYM MIAŁ KOGOŚ,1899
9,Nosowska,JA PAS!,1899
10,Artur Andrus,OD JOKOHAMY DO FUJISAWY,1899
1,Męskie Granie Orkiestra 2018,POCZĄTEK,1900
2,Dawid Podsiadło,MAŁOMIASTECZKOWY,1900
3,Taconafide & Dawid Podsiadło,TAMAGOTCHI,1900
4,Lao Che,KAPITAN POLSKA,1900
5,Greta Van Fleet,SAFARI SONG,1900
6,Lady Pank & Maciej Maleńczuk,TAŃCZ GŁUPIA TAŃCZ,1900
7,Kayah i Zbigniew Wodecki,CHWYTAJ DZIEŃ,1900
8,Kazik + Zdunek Ensemble,WOJNY,1900
9,Kazik & Kwartet ProForma,GDYBYM MIAŁ KOGOŚ,1900
10,Nosowska,JA PAS!,1900
1,Dawid Podsiadło,MAŁOMIASTECZKOWY,1901
2,Męskie Granie Orkiestra 2018,POCZĄTEK,1901
3,Taconafide & Dawid Podsiadło,TAMAGOTCHI,1901
4,Lady Pank & Maciej Maleńczuk,TAŃCZ GŁUPIA TAŃCZ,1901
5,Lao Che,KAPITAN POLSKA,1901
6,Kayah i Zbigniew Wodecki,CHWYTAJ DZIEŃ,1901
7,Kazik + Zdunek Ensemble,WOJNY,1901
8,Paweł Domagała,WEŹ NIE PYTAJ,1901
9,Artur Andrus & Dorota Miśkiewicz,CIOCIA W GABLOCIE,1901
10,Kazik & Kwartet ProForma,GDYBYM MIAŁ KOGOŚ,1901
1,Męskie Granie Orkiestra 2018,POCZĄTEK,1902
2,Dawid Podsiadło,MAŁOMIASTECZKOWY,1902
3,Paweł Domagała,WEŹ NIE PYTAJ,1902
4,Taconafide & Dawid Podsiadło,TAMAGOTCHI,1902
5,Lady Pank & Maciej Maleńczuk,TAŃCZ GŁUPIA TAŃCZ,1902
6,Lao Che,KAPITAN POLSKA,1902
7,Artur Andrus & Dorota Miśkiewicz,CIOCIA W GABLOCIE,1902
8,Kayah i Zbigniew Wodecki,CHWYTAJ DZIEŃ,1902
9,Kazik + Zdunek Ensemble,WOJNY,1902
10,Kazik & Kwartet ProForma,GDYBYM MIAŁ KOGOŚ,1902
1,Męskie Granie Orkiestra 2018,POCZĄTEK,1903
2,Dawid Podsiadło,MAŁOMIASTECZKOWY,1903
3,Paweł Domagała,WEŹ NIE PYTAJ,1903
4,Lady Pank & Maciej Maleńczuk,TAŃCZ GŁUPIA TAŃCZ,1903
5,Artur Andrus & Dorota Miśkiewicz,CIOCIA W GABLOCIE,1903
6,Taconafide & Dawid Podsiadło,TAMAGOTCHI,1903
7,Lao Che,KAPITAN POLSKA,1903
8,Kazik & Kwartet ProForma,GDYBYM MIAŁ KOGOŚ,1903
9,Nosowska,JA PAS!,1903
10,Kayah i Zbigniew Wodecki,CHWYTAJ DZIEŃ,1903
1,Męskie Granie Orkiestra 2018,POCZĄTEK,1904
2,Paweł Domagała,WEŹ NIE PYTAJ,1904
3,Dawid Podsiadło,MAŁOMIASTECZKOWY,1904
4,Artur Andrus & Dorota Miśkiewicz,CIOCIA W GABLOCIE,1904
5,Lady Pank & Maciej Maleńczuk,TAŃCZ GŁUPIA TAŃCZ,1904
6,Kazik + Zdunek Ensemble,WOJNY,1904
7,Taconafide & Dawid Podsiadło,TAMAGOTCHI,1904
8,Tulia,JESZCZE CIĘ NIE MA,1904
9,Lao Che,KAPITAN POLSKA,1904
10,Nosowska,JA PAS!,1904
1,Męskie Granie Orkiestra 2018,POCZĄTEK,1905
2,Dawid Podsiadło,MAŁOMIASTECZKOWY,1905
3,Paweł Domagała,WEŹ NIE PYTAJ,1905
4,Taconafide & Dawid Podsiadło,TAMAGOTCHI,1905
5,Artur Andrus & Dorota Miśkiewicz,CIOCIA W GABLOCIE,1905
6,Brodka & A_GIM,WSZYSTKO CZEGO DZIŚ CHCĘ,1905
7,Kazik + Zdunek Ensemble,WOJNY,1905
8,Lao Che,KAPITAN POLSKA,1905
9,Lady Pank & Maciej Maleńczuk,TAŃCZ GŁUPIA TAŃCZ,1905
10,Tulia,JESZCZE CIĘ NIE MA,1905
1,Męskie Granie Orkiestra 2018,POCZĄTEK,1906
2,Dawid Podsiadło,MAŁOMIASTECZKOWY,1906
3,Brodka & A_GIM,WSZYSTKO CZEGO DZIŚ CHCĘ,1906
4,Maanam,BLUES KORY,1906
5,Paweł Domagała,WEŹ NIE PYTAJ,1906
6,Lao Che,KAPITAN POLSKA,1906
7,Kortez,STARE DRZEWA,1906
8,Krzysztof Zalewski,JEDNEGO SERCA,1906
9,Artur Andrus & Dorota Miśkiewicz,CIOCIA W GABLOCIE,1906
10,Kazik + Zdunek Ensemble,WOJNY,1906
1,Maanam,BLUES KORY,1907
2,Męskie Granie Orkiestra 2018,POCZĄTEK,1907
3,Dawid Podsiadło,MAŁOMIASTECZKOWY,1907
4,Brodka & A_GIM,WSZYSTKO CZEGO DZIŚ CHCĘ,1907
5,Kortez,STARE DRZEWA,1907
6,Paweł Domagała,WEŹ NIE PYTAJ,1907
7,Krzysztof Zalewski,JEDNEGO SERCA,1907
8,Lao Che,KAPITAN POLSKA,1907
9,Artur Andrus & Dorota Miśkiewicz,CIOCIA W GABLOCIE,1907
10,Lady Pank & Maciej Maleńczuk,TAŃCZ GŁUPIA TAŃCZ,1907
1,Maanam,BLUES KORY,1908
2,Męskie Granie Orkiestra 2018,POCZĄTEK,1908
3,Brodka & A_GIM,WSZYSTKO CZEGO DZIŚ CHCĘ,1908
4,Dawid Podsiadło,MAŁOMIASTECZKOWY,1908
5,Kortez,STARE DRZEWA,1908
6,Lao Che,KAPITAN POLSKA,1908
7,Paweł Domagała,WEŹ NIE PYTAJ,1908
8,Krzysztof Zalewski,JEDNEGO SERCA,1908
9,Artur Andrus & Dorota Miśkiewicz,CIOCIA W GABLOCIE,1908
10,Taconafide & Dawid Podsiadło,TAMAGOTCHI,1908
1,Brodka & A_GIM,WSZYSTKO CZEGO DZIŚ CHCĘ,1909
2,Męskie Granie Orkiestra 2018,POCZĄTEK,1909
3,Maanam,BLUES KORY,1909
4,Kortez,STARE DRZEWA,1909
5,Dawid Podsiadło,MAŁOMIASTECZKOWY,1909
6,Krzysztof Zalewski,JEDNEGO SERCA,1909
7,Paweł Domagała,WEŹ NIE PYTAJ,1909
8,Lao Che,KAPITAN POLSKA,1909
9,Taconafide & Dawid Podsiadło,TAMAGOTCHI,1909
10,Artur Andrus & Dorota Miśkiewicz,CIOCIA W GABLOCIE,1909
1,Brodka & A_GIM,WSZYSTKO CZEGO DZIŚ CHCĘ,1910
2,Męskie Granie Orkiestra 2018,POCZĄTEK,1910
3,Kortez,STARE DRZEWA,1910
4,Dawid Podsiadło,MAŁOMIASTECZKOWY,1910
5,Maanam,BLUES KORY,1910
6,Krzysztof Zalewski,JEDNEGO SERCA,1910
7,Paweł Domagała,WEŹ NIE PYTAJ,1910
8,Kazik + Zdunek Ensemble,WOJNY,1910
9,Lao Che,KAPITAN POLSKA,1910
10,Artur Andrus & Dorota Miśkiewicz,CIOCIA W GABLOCIE,1910
1,Brodka & A_GIM,WSZYSTKO CZEGO DZIŚ CHCĘ,1911
2,Kortez,STARE DRZEWA,1911
3,Męskie Granie Orkiestra 2018,POCZĄTEK,1911
4,Maanam,BLUES KORY,1911
5,Pablopavo i Ludziki,KARWOSKI,1911
6,Dawid Podsiadło,MAŁOMIASTECZKOWY,1911
7,Lao Che,SEN A'LA TREN,1911
8,Krzysztof Zalewski,JEDNEGO SERCA,1911
9,Paweł Domagała,WEŹ NIE PYTAJ,1911
10,Artur Andrus & Dorota Miśkiewicz,CIOCIA W GABLOCIE,1911
1,Pablopavo i Ludziki,KARWOSKI,1912
2,Brodka & A_GIM,WSZYSTKO CZEGO DZIŚ CHCĘ,1912
3,Lao Che,SEN A'LA TREN,1912
4,Kortez,STARE DRZEWA,1912
5,Męskie Granie Orkiestra 2018,POCZĄTEK,1912
6,Riverside,RIVER DOWN BELOW,1912
7,Maanam,BLUES KORY,1912
8,Dawid Podsiadło,MAŁOMIASTECZKOWY,1912
9,Krzysztof Zalewski,JEDNEGO SERCA,1912
10,Barbara Wrońska,NIEUSTRASZENI,1912
1,Kortez,STARE DRZEWA,1913
2,Pablopavo i Ludziki,KARWOSKI,1913
3,Brodka & A_GIM,WSZYSTKO CZEGO DZIŚ CHCĘ,1913
4,Lao Che,SEN A'LA TREN,1913
5,Riverside,RIVER DOWN BELOW,1913
6,Męskie Granie Orkiestra 2018,POCZĄTEK,1913
7,Kortez,HEJ WY,1913
8,Maanam,BLUES KORY,1913
9,Dawid Podsiadło,MAŁOMIASTECZKOWY,1913
10,Nosowska,NAGASAKI,1913
1,Pablopavo i Ludziki,KARWOSKI,1914
2,Kortez,STARE DRZEWA,1914
3,Riverside,RIVER DOWN BELOW,1914
4,Lao Che,SEN A'LA TREN,1914
5,Brodka & A_GIM,WSZYSTKO CZEGO DZIŚ CHCĘ,1914
6,Kortez,HEJ WY,1914
7,Męskie Granie Orkiestra 2018,POCZĄTEK,1914
8,Maanam & Kasia Nosowska,SIE ŚCIEMNIA,1914
9,The Dumplings,RAJ,1914
10,Zaz,QUE VENDRA,1914
1,Dawid Podsiadło,NIE MA FAL,1915
2,Riverside,RIVER DOWN BELOW,1915
3,Kortez,STARE DRZEWA,1915
4,Pablopavo i Ludziki,KARWOSKI,1915
5,Brodka & A_GIM,WSZYSTKO CZEGO DZIŚ CHCĘ,1915
6,Lao Che,SEN A'LA TREN,1915
7,Maanam & Kasia Nosowska,SIE ŚCIEMNIA,1915
8,Kortez,HEJ WY,1915
9,Męskie Granie Orkiestra 2018,POCZĄTEK,1915
10,Zaz,QUE VENDRA,1915
1,Riverside,RIVER DOWN BELOW,1916
2,Dawid Podsiadło,NIE MA FAL,1916
3,Kortez,STARE DRZEWA,1916
4,Lao Che,SEN A'LA TREN,1916
5,Pablopavo i Ludziki,KARWOSKI,1916
6,Brodka & A_GIM,WSZYSTKO CZEGO DZIŚ CHCĘ,1916
7,Zaz,QUE VENDRA,1916
8,Maanam & Kasia Nosowska,SIE ŚCIEMNIA,1916
9,The Dumplings,RAJ,1916
10,Kortez,HEJ WY,1916
1,Riverside,RIVER DOWN BELOW,1917
2,Dawid Podsiadło,NIE MA FAL,1917
3,Pablopavo i Ludziki,KARWOSKI,1917
4,Kortez,STARE DRZEWA,1917
5,Zaz,QUE VENDRA,1917
6,Lao Che,SEN A'LA TREN,1917
7,Brodka & A_GIM,WSZYSTKO CZEGO DZIŚ CHCĘ,1917
8,Maanam & Kasia Nosowska,SIE ŚCIEMNIA,1917
9,The Dumplings,RAJ,1917
10,Nosowska,BRAWA DLA PAŃSTWA,1917
1,Riverside,RIVER DOWN BELOW,1918
2,Dawid Podsiadło,NIE MA FAL,1918
3,Kortez,STARE DRZEWA,1918
4,Pablopavo i Ludziki,KARWOSKI,1918
5,Lao Che,SEN A'LA TREN,1918
6,Zaz,QUE VENDRA,1918
7,Maanam & Kasia Nosowska,SIE ŚCIEMNIA,1918
8,Brodka & A_GIM,WSZYSTKO CZEGO DZIŚ CHCĘ,1918
9,Kortez,HEJ WY,1918
10,Greta Van Fleet,"LOVER, LEAVER",1918
1,Riverside,RIVER DOWN BELOW,1919
2,Dawid Podsiadło,NIE MA FAL,1919
3,Zaz,QUE VENDRA,1919
4,Kortez,STARE DRZEWA,1919
5,Pablopavo i Ludziki,KARWOSKI,1919
6,Lao Che,SEN A'LA TREN,1919
7,Kortez,HEJ WY,1919
8,Maanam & Kasia Nosowska,SIE ŚCIEMNIA,1919
9,Brodka & A_GIM,WSZYSTKO CZEGO DZIŚ CHCĘ,1919
10,Mela Koteluk,ODPROWADŹ,1919
1,Riverside,RIVER DOWN BELOW,1920
2,Dawid Podsiadło,NIE MA FAL,1920
3,Zaz,QUE VENDRA,1920
4,Mela Koteluk,ODPROWADŹ,1920
5,Kortez,STARE DRZEWA,1920
6,Lao Che,SEN A'LA TREN,1920
7,Pablopavo i Ludziki,KARWOSKI,1920
8,Artur Andrus,STARGARD IN THE NIGHT,1920
9,Kortez,HEJ WY,1920
10,Brodka & A_GIM,WSZYSTKO CZEGO DZIŚ CHCĘ,1920
1,Mela Koteluk,ODPROWADŹ,1921
2,Dawid Podsiadło,NIE MA FAL,1921
3,Riverside,RIVER DOWN BELOW,1921
4,Lao Che,SEN A'LA TREN,1921
5,Zaz,QUE VENDRA,1921
6,Kortez,STARE DRZEWA,1921
7,Pablopavo i Ludziki,KARWOSKI,1921
8,Artur Andrus,STARGARD IN THE NIGHT,1921
9,Greta Van Fleet,"LOVER, LEAVER",1921
10,Kortez,HEJ WY,1921
1,Riverside,RIVER DOWN BELOW,1922
2,Organek i Kazik,POLSKA (MĘSKIE GRANIE 2018),1922
3,Dawid Podsiadło,NIE MA FAL,1922
4,Mela Koteluk,ODPROWADŹ,1922
5,Zaz,QUE VENDRA,1922
6,Lao Che,SEN A'LA TREN,1922
7,Artur Andrus,STARGARD IN THE NIGHT,1922
8,Kortez,STARE DRZEWA,1922
9,Pablopavo i Ludziki,KARWOSKI,1922
10,Greta Van Fleet,"LOVER, LEAVER",1922
1,Organek i Kazik,POLSKA (MĘSKIE GRANIE 2018),1923
2,Riverside,RIVER DOWN BELOW,1923
3,Kortez,STARE DRZEWA,1923
4,Mela Koteluk,ODPROWADŹ,1923
5,Dawid Podsiadło,NIE MA FAL,1923
6,Zaz,QUE VENDRA,1923
7,Lao Che,SEN A'LA TREN,1923
8,Artur Andrus,STARGARD IN THE NIGHT,1923
9,Pablopavo i Ludziki,KARWOSKI,1923
10,Maanam & Kasia Nosowska,SIE ŚCIEMNIA,1923
1,Organek i Kazik,POLSKA (MĘSKIE GRANIE 2018),1924
2,Riverside,RIVER DOWN BELOW,1924
3,Zaz,QUE VENDRA,1924
4,Kortez,STARE DRZEWA,1924
5,Mela Koteluk,ODPROWADŹ,1924
6,Dawid Podsiadło,NIE MA FAL,1924
7,Artur Andrus,STARGARD IN THE NIGHT,1924
8,Lao Che,SEN A'LA TREN,1924
9,Marianne Faithfull & Nick Cave,THE GYPSY FAERIE QUEEN,1924
10,Lady Gaga & Bradley Cooper,SHALLOW,1924
1,Riverside,RIVER DOWN BELOW,1925
2,Organek i Kazik,POLSKA (MĘSKIE GRANIE 2018),1925
3,Zaz,QUE VENDRA,1925
4,Lao Che,SEN A'LA TREN,1925
5,Marianne Faithfull & Nick Cave,THE GYPSY FAERIE QUEEN,1925
6,Kortez,STARE DRZEWA,1925
7,Dawid Podsiadło,NIE MA FAL,1925
8,Lady Gaga & Bradley Cooper,SHALLOW,1925
9,Mela Koteluk,ODPROWADŹ,1925
10,Artur Andrus,STARGARD IN THE NIGHT,1925
1,Organek i Kazik,POLSKA (MĘSKIE GRANIE 2018),1926
2,Riverside,RIVER DOWN BELOW,1926
3,Lao Che,SEN A'LA TREN,1926
4,Lady Gaga & Bradley Cooper,SHALLOW,1926
5,Zaz,QUE VENDRA,1926
6,Marianne Faithfull & Nick Cave,THE GYPSY FAERIE QUEEN,1926
7,Kortez,STARE DRZEWA,1926
8,Dawid Podsiadło,NIE MA FAL,1926
9,Pablopavo i Ludziki,KARWOSKI,1926
10,Artur Andrus,STARGARD IN THE NIGHT,1926
